{
  "model": "models.seir",
  "scenario": "baseline",
  "parameter_sets": [
    {
      "params": {
        "beta": 0.9189560012891888,
        "sigma": 0.416465587541461,
        "gamma": 0.4128857450094074,
        "population": 54403,
        "initial_infected": 30,
        "initial_exposed": 84,
        "simulation_days": 285
      }
    },
    {
      "params": {
        "beta": 1.776684424187988,
        "sigma": 0.12058016224764288,
        "gamma": 0.19711537207476798,
        "population": 953294,
        "initial_infected": 57,
        "initial_exposed": 27,
        "simulation_days": 209
      }
    },
    {
      "params": {
        "beta": 1.4363033715635538,
        "sigma": 0.38444056469015775,
        "gamma": 0.3716735381167382,
        "population": 362647,
        "initial_infected": 77,
        "initial_exposed": 20,
        "simulation_days": 319
      }
    },
    {
      "params": {
        "beta": 0.5430563834495842,
        "sigma": 0.1732597267255187,
        "gamma": 0.12601983970962466,
        "population": 645066,
        "initial_infected": 11,
        "initial_exposed": 63,
        "simulation_days": 109
      }
    }
  ],
  "sampling_method": "sobol",
  "n_replicates": 1,
  "outputs": [
    "compartments",
    "incidence",
    "prevalence",
    "summary"
  ],
  "metadata": {
    "n_samples": 4,
    "scramble": true,
    "seed": 42,
    "model_class": "models.seir:StochasticSEIR"
  }
}